{
  "minecraft:recipes/redstone/noteblock": {
    "criteria": {
      "has_redstone": "2018-12-22 08:07:19 +0000"
    },
    "done": true
  },
  "minecraft:recipes/transportation/rail": {
    "criteria": {
      "has_minecart": "2018-12-22 07:52:58 +0000"
    },
    "done": true
  },
  "minecraft:recipes/tools/clock": {
    "criteria": {
      "has_redstone": "2018-12-22 08:07:19 +0000"
    },
    "done": true
  },
  "minecraft:recipes/redstone/redstone_torch": {
    "criteria": {
      "has_redstone": "2018-12-22 08:07:19 +0000"
    },
    "done": true
  },
  "minecraft:recipes/transportation/hopper_minecart": {
    "criteria": {
      "has_minecart": "2018-12-22 07:52:58 +0000"
    },
    "done": true
  },
  "minecraft:story/shiny_gear": {
    "criteria": {
      "diamond_chestplate": "2018-12-22 07:53:23 +0000"
    },
    "done": true
  },
  "minecraft:recipes/decorations/chest": {
    "criteria": {
      "has_lots_of_items": "2018-12-22 08:07:19 +0000"
    },
    "done": true
  },
  "minecraft:recipes/tools/compass": {
    "criteria": {
      "has_redstone": "2018-12-22 08:07:19 +0000"
    },
    "done": true
  },
  "minecraft:recipes/misc/light_gray_dye_from_oxeye_daisy": {
    "criteria": {
      "has_red_flower": "2018-12-22 08:07:25 +0000"
    },
    "done": true
  },
  "minecraft:recipes/redstone/dropper": {
    "criteria": {
      "has_redstone": "2018-12-22 08:07:19 +0000"
    },
    "done": true
  },
  "minecraft:recipes/transportation/tnt_minecart": {
    "criteria": {
      "has_minecart": "2018-12-22 07:52:58 +0000"
    },
    "done": true
  },
  "minecraft:recipes/redstone/piston": {
    "criteria": {
      "has_redstone": "2018-12-22 08:07:19 +0000"
    },
    "done": true
  },
  "minecraft:recipes/transportation/furnace_minecart": {
    "criteria": {
      "has_minecart": "2018-12-22 07:52:58 +0000"
    },
    "done": true
  },
  "minecraft:recipes/misc/gold_ingot_from_block": {
    "criteria": {
      "has_gold_block": "2018-12-22 09:03:02 +0000"
    },
    "done": true
  },
  "minecraft:adventure/adventuring_time": {
    "criteria": {
      "plains": "2018-12-22 07:52:16 +0000"
    },
    "done": false
  },
  "minecraft:recipes/transportation/chest_minecart": {
    "criteria": {
      "has_minecart": "2018-12-22 07:52:58 +0000"
    },
    "done": true
  }
}