{
  "minecraft:recipes/transportation/rail": {
    "criteria": {
      "has_minecart": "2018-12-12 22:37:32 +0200"
    },
    "done": true
  },
  "minecraft:story/shiny_gear": {
    "criteria": {
      "diamond_chestplate": "2018-12-12 22:40:38 +0200"
    },
    "done": true
  },
  "minecraft:recipes/transportation/hopper_minecart": {
    "criteria": {
      "has_minecart": "2018-12-12 22:37:32 +0200"
    },
    "done": true
  },
  "minecraft:adventure/kill_a_mob": {
    "criteria": {
      "slime": "2018-12-12 22:40:25 +0200"
    },
    "done": true
  },
  "minecraft:adventure/kill_all_mobs": {
    "criteria": {
      "slime": "2018-12-12 22:40:25 +0200"
    },
    "done": false
  },
  "minecraft:recipes/misc/slime_ball": {
    "criteria": {
      "has_the_recipe": "2018-12-12 22:43:40 +0200"
    },
    "done": true
  },
  "minecraft:recipes/redstone/sticky_piston": {
    "criteria": {
      "has_slime_ball": "2018-12-12 22:41:46 +0200"
    },
    "done": true
  },
  "minecraft:recipes/transportation/tnt_minecart": {
    "criteria": {
      "has_minecart": "2018-12-12 22:37:32 +0200"
    },
    "done": true
  },
  "minecraft:recipes/transportation/furnace_minecart": {
    "criteria": {
      "has_minecart": "2018-12-12 22:37:32 +0200"
    },
    "done": true
  },
  "minecraft:adventure/root": {
    "criteria": {
      "killed_something": "2018-12-12 22:40:25 +0200"
    },
    "done": true
  },
  "minecraft:recipes/tools/lead": {
    "criteria": {
      "has_slime_ball": "2018-12-12 22:41:46 +0200"
    },
    "done": true
  },
  "minecraft:recipes/decorations/slime": {
    "criteria": {
      "has_at_least_9_slime_ball": "2018-12-12 22:43:40 +0200"
    },
    "done": true
  },
  "minecraft:recipes/transportation/chest_minecart": {
    "criteria": {
      "has_minecart": "2018-12-12 22:37:32 +0200"
    },
    "done": true
  },
  "minecraft:adventure/adventuring_time": {
    "criteria": {
      "plains": "2018-12-12 22:36:41 +0200"
    },
    "done": false
  }
}