{"stat.beaconInteraction":1,"stat.drop.minecraft.mutton":2,"stat.drop.minecraft.armor_stand":1,"stat.drop.minecraft.waterlily":10,"stat.useItem.minecraft.painting":31,"stat.useItem.minecraft.quartz_block":2,"stat.leaveGame":11,"stat.killEntity.Parrot":4,"stat.drop.minecraft.redstone":137,"stat.useItem.minecraft.glowstone":268,"stat.drop.minecraft.trapdoor":1,"stat.useItem.minecraft.planks":998,"stat.pickup.minecraft.glass":2,"stat.drop.minecraft.redstone_torch":4,"stat.pickup.minecraft.rotten_flesh":4,"stat.pickup.minecraft.bucket":16,"stat.useItem.minecraft.rail":35,"stat.killEntity.Enderman":1,"stat.drop.minecraft.jukebox":1,"stat.drop.minecraft.end_portal_frame":1,"stat.pickup.minecraft.packed_ice":1,"stat.pickup.minecraft.armor_stand":2,"stat.drop.minecraft.rail":1,"stat.drop.minecraft.diamond_chestplate":1,"stat.pickup.minecraft.light_weighted_pressure_plate":8,"stat.drop.minecraft.diamond_block":1,"stat.pickup.minecraft.wooden_button":2,"stat.drop.minecraft.red_flower":256,"stat.drop.minecraft.wooden_pressure_plate":65,"stat.useItem.minecraft.minecart":34,"stat.pickup.minecraft.beef":6,"stat.useItem.minecraft.redstone":269,"stat.drop.minecraft.light_weighted_pressure_plate":4,"stat.drop.minecraft.wooden_button":2,"stat.drop.minecraft.monster_egg":3,"stat.useItem.minecraft.trapdoor":1,"stat.useItem.minecraft.stained_glass":141,"stat.useItem.minecraft.dark_oak_door":15,"stat.useItem.minecraft.ice":52,"stat.useItem.minecraft.wooden_button":5,"stat.pickup.minecraft.lever":2,"stat.deaths":5,"stat.playOneMinute":481267,"stat.pickup.minecraft.diamond_block":1,"stat.pickup.minecraft.glass_pane":1,"stat.drop.minecraft.chest":1,"stat.drop.minecraft.torch":2,"stat.pickup.minecraft.dispenser":2,"stat.useItem.minecraft.jukebox":43,"stat.chestOpened":9,"stat.drop.minecraft.ice":10,"stat.useItem.minecraft.stone":3,"stat.drop.minecraft.packed_ice":1,"stat.pickup.minecraft.waterlily":20,"stat.pickup.minecraft.wooden_pressure_plate":67,"stat.drop.minecraft.banner":1,"stat.useItem.minecraft.packed_ice":62,"stat.fallOneCm":2183,"stat.drop.minecraft.stone":1,"stat.crouchOneCm":6159,"stat.pickup.minecraft.rail":1,"stat.pickup.minecraft.painting":9,"stat.drop.minecraft.stained_glass_pane":1,"stat.pickup.minecraft.repeater":1,"stat.useItem.minecraft.golden_rail":141,"stat.pickup.minecraft.feather":7,"stat.pickup.minecraft.monster_egg":2,"stat.pickup.minecraft.planks":3,"stat.drop.minecraft.minecart":1,"stat.drop.minecraft.snow":4,"stat.drop.minecraft.carpet":3,"stat.useItem.minecraft.wool":296,"stat.pickup.minecraft.ice":10,"stat.mineBlock.minecraft.dirt":1,"stat.useItem.minecraft.torch":40,"stat.pickup.minecraft.golden_apple":2,"stat.drop.minecraft.stone_brick_stairs":1,"stat.drop.minecraft.tallgrass":6,"stat.minecartOneCm":103739,"stat.drop.minecraft.sign":1,"stat.drop.minecraft.iron_door":1,"stat.drop.minecraft.stonebrick":5,"stat.drop.minecraft.iron_ore":64,"stat.pickup.minecraft.tallgrass":6,"stat.drop.minecraft.planks":2,"stat.pickup.minecraft.chicken":1,"stat.pickup.minecraft.tipped_arrow":171,"stat.pickup.minecraft.apple":510,"stat.pickup.minecraft.banner":1,"stat.pickup.minecraft.diamond_helmet":2,"stat.useItem.minecraft.wooden_pressure_plate":103,"stat.useItem.minecraft.stonebrick":3091,"stat.useItem.minecraft.monster_egg":382,"stat.pickup.minecraft.iron_door":1,"stat.pickup.minecraft.red_flower":193,"stat.sneakTime":3153,"stat.pickup.minecraft.wool":5,"stat.drop.minecraft.bucket":16,"stat.pickup.minecraft.stone_slab":2,"stat.pickup.minecraft.golden_rail":2,"stat.pickup.minecraft.redstone_torch":11,"stat.pickup.minecraft.spruce_fence_gate":128,"stat.drop.minecraft.mossy_cobblestone":2,"stat.useItem.minecraft.skull":31,"stat.useItem.minecraft.diamond_sword":154,"stat.swimOneCm":1504,"stat.useItem.minecraft.snow":15,"stat.pickup.minecraft.glowstone":3,"stat.useItem.minecraft.redstone_torch":48,"stat.useItem.minecraft.obsidian":99,"stat.pickup.minecraft.furnace_minecart":1,"stat.pickup.minecraft.end_portal_frame":1,"stat.pickup.minecraft.anvil":1,"stat.pickup.minecraft.diamond_leggings":3,"stat.flyOneCm":1471838,"stat.drop.minecraft.chainmail_chestplate":1,"stat.pickup.minecraft.redstone":152,"stat.timeSinceDeath":335,"stat.useItem.minecraft.sign":4,"stat.pickup.minecraft.mutton":4,"stat.pickup.minecraft.mossy_cobblestone":2,"stat.killEntity.Bat":2,"stat.useItem.minecraft.lever":2,"stat.pickup.minecraft.dark_oak_door":3,"stat.pickup.minecraft.stonebrick":4,"stat.drop.minecraft.stained_glass":1,"stat.pickup.minecraft.carpet":3,"stat.pickup.minecraft.trapdoor":1,"stat.drop.minecraft.wool":3,"stat.killEntity.Creeper":1,"stat.useItem.minecraft.armor_stand":1,"stat.sprintOneCm":19242,"stat.useItem.minecraft.diamond_block":87,"stat.drop.minecraft.dark_oak_door":4,"stat.useItem.minecraft.snowball":2,"stat.pickup.minecraft.grass":1,"stat.drop.minecraft.leaves":4,"stat.drop.minecraft.dispenser":2,"stat.pickup.minecraft.diamond_chestplate":1,"stat.drop.minecraft.tipped_arrow":142,"stat.drop":116,"stat.drop.minecraft.spruce_fence_gate":128,"stat.pickup.minecraft.stone_button":3,"stat.pickup.minecraft.jukebox":3,"stat.killEntity.Sheep":1,"stat.useItem.minecraft.banner":14,"stat.pickup.minecraft.slime_ball":25,"stat.killEntity.Zombie":1,"stat.pickup.minecraft.snowball":6,"stat.drop.minecraft.black_shulker_box":1,"stat.pickup.minecraft.sign":5,"stat.drop.minecraft.cooked_beef":8,"stat.killEntity.Slime":65,"stat.pickup.minecraft.stained_glass_pane":1,"stat.useItem.minecraft.carpet":77,"stat.useItem.minecraft.stained_glass_pane":19,"stat.pickup.minecraft.stone_brick_stairs":1,"stat.pickup.minecraft.diamond_sword":4,"stat.jump":2272,"stat.drop.minecraft.diamond_sword":2,"stat.pickup.minecraft.gunpowder":2,"stat.pickup.minecraft.dirt":1,"stat.useItem.minecraft.stone_button":21,"stat.drop.minecraft.glowstone":5,"stat.useItem.minecraft.light_weighted_pressure_plate":141,"stat.drop.minecraft.bed":1,"stat.drop.minecraft.glass":3,"stat.pickup.minecraft.iron_ore":64,"stat.useItem.minecraft.glass":1482,"stat.useItem.minecraft.dispenser":107,"stat.pickup.minecraft.snow":3,"stat.pickup.minecraft.command_block":2,"stat.pickup.minecraft.leaves":5,"stat.damageTaken":616,"stat.pickup.minecraft.leather":2,"stat.useItem.minecraft.stone_brick_stairs":14,"stat.dispenserInspected":72,"stat.useItem.minecraft.gold_block":76,"stat.drop.minecraft.stone_button":3,"stat.pickup.minecraft.bed":1,"stat.useItem.minecraft.end_portal_frame":3,"stat.pickup.minecraft.stained_glass":1,"stat.damageDealt":3913,"stat.pickup.minecraft.minecart":1,"stat.killEntity.Pig":1,"stat.useItem.minecraft.command_block":3,"stat.drop.minecraft.painting":10,"stat.walkOneCm":1442694,"stat.useItem.minecraft.chest":9,"stat.playerKills":1,"stat.useItem.minecraft.lava_bucket":110,"stat.pickup.minecraft.stone":2,"stat.drop.minecraft.diamond_leggings":1,"stat.pickup.minecraft.ender_pearl":1,"stat.useItem.minecraft.leaves":50,"stat.pickup.minecraft.cooked_beef":114,"stat.drop.minecraft.furnace_minecart":1,"stat.drop.minecraft.lever":2,"stat.mobKills":77,"stat.drop.minecraft.diamond_boots":1,"stat.pickup.minecraft.diamond_boots":2,"stat.useItem.minecraft.mossy_cobblestone":644,"stat.pickup.minecraft.torch":4,"stat.drop.minecraft.quartz_block":1,"stat.drop.minecraft.beef":3}