{"stat.beaconInteraction":2,"stat.chestOpened":3,"stat.useItem.minecraft.command_block":2,"stat.walkOneCm":163096,"stat.pickup.minecraft.golden_apple":1,"stat.useItem.minecraft.repeater":2,"stat.leaveGame":7,"stat.drop.minecraft.cooked_beef":63,"stat.useItem.minecraft.apple":9,"stat.minecartOneCm":41908,"stat.drop.minecraft.apple":7,"stat.jump":1268,"stat.useItem.minecraft.minecart":2,"stat.fallOneCm":13861,"stat.crouchOneCm":4789,"stat.useItem.minecraft.leaves":3,"stat.useItem.minecraft.stone_button":2,"stat.sprintOneCm":80421,"stat.pickup.minecraft.apple":2,"stat.pickup.minecraft.cooked_beef":7,"stat.pickup.minecraft.rotten_flesh":2,"stat.useItem.minecraft.stone_slab":4,"stat.pickup.minecraft.repeater":2,"stat.pickup.minecraft.leaves":1,"stat.damageTaken":2160,"stat.dispenserInspected":35,"stat.pickup.minecraft.monster_egg":1,"stat.drop.minecraft.golden_apple":1,"stat.drop.minecraft.tipped_arrow":1,"stat.drop.minecraft.minecart":1,"stat.useItem.minecraft.anvil":1,"stat.flyOneCm":179944,"stat.pickup.minecraft.bed":1,"stat.deaths":20,"stat.drop":73,"stat.playOneMinute":290305,"stat.entityKilledBy.Zombie":3,"stat.pickup.minecraft.stone_button":3,"stat.pickup.minecraft.torch":1,"stat.pickup.minecraft.red_flower":1,"stat.mineBlock.minecraft.glass":1,"stat.sneakTime":1818,"stat.pickup.minecraft.slime_ball":1,"stat.pickup.minecraft.wool":1,"stat.damageDealt":112,"stat.pickup.minecraft.redstone":1,"stat.useItem.minecraft.wool":4,"stat.timeSinceDeath":581,"stat.pickup.minecraft.minecart":2,"stat.useItem.minecraft.sign":2}