{"stat.chestOpened":5,"stat.walkOneCm":368631,"stat.leaveGame":2,"stat.drop.minecraft.cooked_beef":5,"stat.minecartOneCm":75743,"stat.jump":288,"stat.useItem.minecraft.minecart":8,"stat.fallOneCm":8758,"stat.crouchOneCm":1,"stat.sprintOneCm":570,"stat.pickup.minecraft.cooked_beef":2,"stat.drop.minecraft.gold_block":1,"stat.damageTaken":855,"stat.dispenserInspected":245,"stat.pickup.minecraft.gold_block":1,"stat.drop.minecraft.minecart":5,"stat.flyOneCm":538,"stat.drop":11,"stat.playOneMinute":90626,"stat.sneakTime":127,"stat.timeSinceDeath":90626,"stat.pickup.minecraft.minecart":7}