{"stat.pickup.minecraft.stone_pressure_plate":1,"stat.pickup.minecraft.redstone_torch":6,"stat.useItem.minecraft.repeater":14,"stat.leaveGame":2,"stat.drop.minecraft.mossy_cobblestone":2,"stat.drop.minecraft.redstone":1,"stat.useItem.minecraft.glowstone":2,"stat.drop.minecraft.trapdoor":2,"stat.useItem.minecraft.planks":2,"stat.pickup.minecraft.glowstone":3,"stat.pickup.minecraft.porkchop":2,"stat.pickup.minecraft.glass":1,"stat.useItem.minecraft.redstone_torch":13,"stat.useItem.minecraft.dirt":32,"stat.useItem.minecraft.anvil":4,"stat.flyOneCm":583221,"stat.pickup.minecraft.redstone":4,"stat.timeSinceDeath":138515,"stat.useItem.minecraft.sign":2,"stat.useItem.minecraft.spawn_egg":1,"stat.pickup.minecraft.mutton":2,"stat.pickup.minecraft.mossy_cobblestone":2,"stat.useItem.minecraft.iron_door":16,"stat.drop.minecraft.repeater":2,"stat.useItem.minecraft.lever":14,"stat.pickup.minecraft.light_weighted_pressure_plate":9,"stat.pickup.minecraft.stonebrick":7,"stat.drop.minecraft.dirt":2,"stat.pickup.minecraft.trapdoor":2,"stat.drop.minecraft.wool":2,"stat.drop.minecraft.spawn_egg":1,"stat.pickup.minecraft.beef":3,"stat.useItem.minecraft.redstone":85,"stat.drop.minecraft.light_weighted_pressure_plate":8,"stat.useItem.minecraft.trapdoor":7,"stat.sprintOneCm":26571,"stat.useItem.minecraft.diamond_block":5,"stat.drop.minecraft.stone_pressure_plate":2,"stat.pickup.minecraft.grass":1,"stat.useItem.minecraft.stone_pressure_plate":4,"stat.drop.minecraft.leaves":1,"stat.pickup.minecraft.spawn_egg":1,"stat.pickup.minecraft.lever":2,"stat.deaths":5,"stat.drop":41,"stat.playOneMinute":542153,"stat.killEntity.Sheep":1,"stat.pickup.minecraft.dispenser":1,"stat.chestOpened":2,"stat.pickup.minecraft.sign":1,"stat.useItem.minecraft.packed_ice":2,"stat.jump":856,"stat.fallOneCm":2204,"stat.pickup.minecraft.black_shulker_box":1,"stat.crouchOneCm":4044,"stat.pickup.minecraft.dirt":2,"stat.useItem.minecraft.light_weighted_pressure_plate":47,"stat.drop.minecraft.glowstone":1,"stat.pickup.minecraft.repeater":2,"stat.pickup.minecraft.leaves":1,"stat.damageTaken":1210,"stat.pickup.minecraft.leather":2,"stat.pickup.minecraft.feather":2,"stat.useItem.minecraft.stone_brick_stairs":23,"stat.pickup.minecraft.quartz_block":1,"stat.damageDealt":153,"stat.useItem.minecraft.wool":4,"stat.killEntity.Cow":1,"stat.killEntity.Pig":1,"stat.useItem.minecraft.command_block":17,"stat.walkOneCm":432329,"stat.drop.minecraft.stone_brick_stairs":1,"stat.minecartOneCm":14916,"stat.drop.minecraft.iron_door":3,"stat.drop.minecraft.stonebrick":8,"stat.pickup.minecraft.chicken":1,"stat.pickup.minecraft.tipped_arrow":5,"stat.useItem.minecraft.leaves":2,"stat.drop.minecraft.command_block":1,"stat.drop.minecraft.lever":2,"stat.killEntity.Chicken":1,"stat.mobKills":4,"stat.useItem.minecraft.stonebrick":346,"stat.useItem.minecraft.mossy_cobblestone":14,"stat.useItem.minecraft.monster_egg":1,"stat.pickup.minecraft.iron_door":5,"stat.sneakTime":4051,"stat.pickup.minecraft.wool":3,"stat.drop.minecraft.grass":2}