{"stat.chestOpened":3,"stat.flyOneCm":6760,"stat.deaths":1,"stat.walkOneCm":40679,"stat.jump":71,"stat.mineBlock.minecraft.leaves":1,"stat.useItem.minecraft.minecart":2,"stat.playOneMinute":9345,"stat.fallOneCm":3577,"stat.leaveGame":1,"stat.sneakTime":154,"stat.pickup.minecraft.diamond_helmet":1,"stat.pickup.minecraft.slime_ball":9,"stat.damageTaken":355,"stat.killEntity.Slime":5,"stat.damageDealt":79,"stat.crouchOneCm":570,"stat.timeSinceDeath":4215,"stat.pickup.minecraft.minecart":5,"stat.sprintOneCm":12147,"stat.mobKills":5,"stat.pickup.minecraft.diamond_chestplate":2,"stat.minecartOneCm":30510}