{"stat.drop.minecraft.repeater":2,"stat.beaconInteraction":3,"stat.chestOpened":1,"stat.pickup.minecraft.pumpkin":1,"stat.drop.minecraft.waterlily":1,"stat.drop.minecraft.pumpkin":1,"stat.walkOneCm":159742,"stat.useItem.minecraft.torch":31,"stat.useItem.minecraft.pumpkin":1,"stat.useItem.minecraft.repeater":8,"stat.drop.minecraft.diamond_chestplate":1,"stat.leaveGame":1,"stat.pickup.minecraft.waterlily":1,"stat.useItem.minecraft.beacon":16,"stat.useItem.minecraft.tnt":48,"stat.pickup.minecraft.stonebrick":1,"stat.useItem.minecraft.waterlily":2,"stat.drop.minecraft.diamond_block":1,"stat.pickup.minecraft.carpet":9,"stat.drop.minecraft.redstone":21,"stat.useItem.minecraft.armor_stand":3,"stat.useItem.minecraft.carpet":81,"stat.pickup.minecraft.nether_brick":1,"stat.useItem.minecraft.glowstone":36,"stat.drop.minecraft.stone_slab":1,"stat.drop.minecraft.sign":1,"stat.jump":272,"stat.swimOneCm":1056,"stat.drop.minecraft.glass_pane":1,"stat.useItem.minecraft.snow":2,"stat.drop.minecraft.stonebrick":1,"stat.useItem.minecraft.planks":434,"stat.fallOneCm":836,"stat.pickup.minecraft.tnt":1,"stat.useItem.minecraft.redstone":61,"stat.useItem.minecraft.nether_brick_stairs":12,"stat.drop.minecraft.monster_egg":1,"stat.crouchOneCm":3338,"stat.pickup.minecraft.glass":1,"stat.useItem.minecraft.obsidian":138,"stat.useItem.minecraft.stone_button":5,"stat.sprintOneCm":4176,"stat.useItem.minecraft.diamond_block":15,"stat.useItem.minecraft.stained_glass":5,"stat.drop.minecraft.wooden_slab":1,"stat.useItem.minecraft.water_bucket":4,"stat.useItem.minecraft.glass_pane":98,"stat.drop.minecraft.glass":1,"stat.useItem.minecraft.glass":9,"stat.useItem.minecraft.stone_slab":1,"stat.drop.minecraft.nether_brick":1,"stat.useItem.minecraft.bed":1,"stat.pickup.minecraft.repeater":1,"stat.useItem.minecraft.flint_and_steel":16,"stat.drop.minecraft.stone_button":1,"stat.pickup.minecraft.monster_egg":1,"stat.drop.minecraft.water_bucket":1,"stat.pickup.minecraft.diamond_chestplate":1,"stat.useItem.minecraft.stonebrick":500,"stat.flyOneCm":388218,"stat.deaths":4,"stat.useItem.minecraft.monster_egg":18,"stat.drop":21,"stat.playOneMinute":58873,"stat.pickup.minecraft.stone_button":1,"stat.pickup.minecraft.torch":1,"stat.useItem.minecraft.nether_brick":27,"stat.sneakTime":520,"stat.damageDealt":30,"stat.drop.minecraft.bucket":1,"stat.pickup.minecraft.redstone":41,"stat.drop.minecraft.carpet":5,"stat.drop.minecraft.tnt":1,"stat.sleepInBed":1,"stat.timeSinceDeath":50137,"stat.drop.minecraft.torch":2,"stat.useItem.minecraft.sign":1,"stat.useItem.minecraft.spawn_egg":5,"stat.useItem.minecraft.wooden_slab":51,"stat.diveOneCm":479}